internal.idx;Class
992;Low
1126;Low
96;Low
1594;Low
2108;Low
826;Low
355;Low
1566;Low
661;Low
2011;Low
1495;Low
157;Low
58;Low
257;Low
634;Low
1288;Low
231;Low
88;Low
1397;Low
1128;Low
127;Low
98;Low
2144;Low
1467;Low
1093;Low
545;Low
446;Low
926;Low
290;Low
1325;Low
799;Low
92;Low
1000;Low
997;Low
2067;Low
2172;Low
1763;Low
2064;Low
1730;Low
958;Low
1129;Low
694;Low
2070;Low
26;Low
2042;Low
1430;Low
1974;Low
256;Low
848;Low
1875;Low
1907;Low
280;Low
1646;Low
440;Low
392;Low
1970;Low
1693;Low
163;Low
2175;Low
925;Low
94;Low
775;Low
193;Low
1201;Low
666;Low
1742;Low
896;Low
1096;Low
220;Low
89;Low
2139;Low
1669;Low
460;Low
83;Low
794;Low
352;Low
897;Low
1781;Low
33;Low
934;Low
1491;Low
54;Low
1057;Low
861;Low
2155;High
1113;High
1340;High
2146;High
136;High
172;High
444;High
1050;High
1102;High
1292;High
168;High
432;High
367;High
1485;High
1006;High
135;High
1750;High
1548;High
233;High
166;High
36;High
1819;High
1447;High
747;High
883;High
270;High
1336;High
891;High
2153;High
751;High
1818;High
956;High
1317;High
903;High
1023;High
1154;High
68;High
1951;High
1849;High
1481;High
1417;High
1966;High
2059;High
1409;High
1948;High
306;High
22;High
1656;High
1014;High
1143;High
1110;High
1550;High
644;High
1654;High
1221;High
1086;High
1609;High
2104;High
1952;High
378;High
705;High
2130;High
1379;High
1416;High
909;High
1316;High
1127;High
1882;High
1449;High
1547;High
1252;High
199;High
1185;High
1982;High
1;High
430;High
2150;High
1651;High
2147;High
1575;High
1883;High
1987;High
1042;High
2121;High
1458;High
885;High
;High
;High
;High
;High
;High
;High
;High
;High
;High
;High
;High
;High
;High
;High
;High
;High
;High
;High
;High
;High
;High
;High
;High
;High
;High
;High
;High
;High
;High
;High
;High
;High
;High
;High
;High
;High
;High
;High
;High
;High
;High
;High
;High
;High
;High
;High
;High
;High
;High
;High
;High
;High
;High
;High
;High
;High
;High
;High
;High
;High
;High
;High
;High
;High
;High
;High
;High
;High
;High
;High
;High
;High
;High
;High
;High
;High
;High
;High
;High
;High
;High
;High
;High
;High
;High
;High
;High
;High
;High
;High
;High
;High
;High
;High
;High
;High
;High
;High
;High
;High
